title,label
The Colbert Report,real
Lance Armstrong's defiant Twitter photo shows him relaxing with seven yellow jerseys,fake
TSA: Frequently Asked Questions,real
"Haiti Official Getting Ready To Testify Against Clinton Foundation Corruption NEXT WEEK, Found DEAD With “Gunshot to the head”",fake
Pope says that the rights of Muslim migrants trump any safety concerns that you might have with them in your country,fake
ни чего нового как правильно,fake
Teamsters Tout ANWR on Capitol Hill,real
Senate Report Admits Clinton ‘Gifted’ Children To Human Traffickers,fake
Hurricane Irene: ‘Photo’ of shark swimming in street is fake,fake
WATCH FULL Ted Cruz presser on new deal with Kasich (UPDATE: PART TWO ADDED),real
 accessed Aug 11,fake
The Democratic Debate in Cleveland,real
Miley Cyrus: 'Donald Trump Is a F--king Nightmare',fake
OBAMA’S PRIVATE ‘SECURITY’ COMPANY SETS UP MASSIVE CAMPS OUTSIDE 3 MAJOR CITIES,fake
BREAKING: Mike Huckabee Just Fired!,fake
Organizing for Action,real
Transcript of AP interview with Trump,real
UPDATE: Van Full Of Illegals Caught Voting At Multiple Alabama Polling Locations,fake
Crime in Chicago: Explore your community,real
Top Presidential Candidate 2008 Websites,real
John Hagee discusses Catholic Church,real
Maxine Waters Is Getting Criminally Charged!,fake
Political TV Ad Archive » PolAd,real
2007 Federal Tax Rate Schedules,real
Remarks by the President at AFL CIO Labor Day Picnic,real
"As Dems’ “Stimulus” Anniversary Nears, Americans Ask: “Where are the Jobs?”",real
MoveOn.org Political Action: 10 things to know about McCain,real
China's Space Threat: How Missiles Could Target U.S. Satellites,real
Sarah Palin on Twitter,real
And we pay her a salary!.... - Judge Jeanine Pirro has Fans,fake
LISTEN: Curious Robocall Seeks 'Damaging' Information on Moore,fake
"Rick Santorum: By amending constitution, we can balance the budget for good",real
Clinton Email: We Must Destroy Syria For Israel,fake
'This Week' Transcript: Kaine and Steele,real
"Transcript: The Democratic debate in Milwaukee, annotated",real
testimony submitted to the Congressional Oversight Panel’s hearing on the TARPs impact on financial stability,real
United States Department of Defense,real
"Barack Obama Tweets SICK Attack On John McCain, Says He Should Have Died",fake
Town Hall Meeting in Derry NH,real
"Japanese Whaling Crew Eaten Alive By Killer Whales, 16 dead",fake
Already a lost decade: Working-age household income down more than 10% since 2000,real
U.N. Official 'Accidentally' Crushes Own Throat Right Before Testifying Against Hillary Clinton,fake
U.S. Senate: U.S. Senate Roll Call Votes 105th Congress,real
Obama’s Health Care Speech to Congress,real
"Remarks by the President at Campaign Event -- Colorado Springs, CO",real
Florida passes bill legalizing recreational use of marijuana,fake
REMARKS BY THE PRESIDENT AND FIRST LADY AT A CAMPAIGN EVENT,real
Transcripts,real
JUST IN: WaPo Reporter Who Broke News On Judge Roy Moore Story Has A Criminal History Of “Faking” * 100PercentFedUp.com,fake
UF requests to cancel Rivalry game against FSU,fake
"DONALD TRAIN NEWS: BREAKING: Rosa Parks’ Granddaughter SLAMS Racist Democrats, Endorses Trump",fake
Take action,real
Obama’s Prime-Time Press Briefing,real
Obama Administration Kept Illegal Mexican Kids In Detention Camps As “Experiment”,fake
Browse Congressional Bills,real
"Bill Clinton Says He 'Never Said A Bad Word About Senator Obama,' At mtvU's First 'Editorial Board'",real
spreadsheet with key indicators from OECD Health Data 2009 health care expenditures per capita,real
BREAKING: Laura Ingraham Just Fired!!,fake
Social Security Trustees Report 2007,real
'This Week' Transcript: Former Vice President Dick Cheney,real
Marco Rubio says Ted Cruz voted for defense cuts in Rand Paul's budget proposal,real
Donald Trump signs a visa-free travel policy for Ghana,fake
Pastors To Protest IRS Rules on Political Advocacy,real
"Singer Dolly Parton: “Trump In One Year Is Already Better Than 16 Years’ of Bush, Obama ‘Put Together’, This Stupid Liberals Doing Everything To Impeach Him But We Standing With Trump now And Forever.",fake
Obama’s Remarks at the White House Health Care Forum,real
"Executive Order Leads to Capture of ISIS Leader, Rasheed Muhammad",fake
"NRA President Jim Porter Falsely Accused of Saying, “It’s Only A Matter Of Time Before We Can Own Colored People Again”",fake
Tulsa School closes after brutal fire.,fake
"To young people who are undocumented: This is your country, too.",real
The Kardashians donate whopping sum to Las Vegas mass shooting victims,fake
"Scott Baio, Beloved Face Of Conservatism, Dies In Small Plane Crash On His Way To Visit Trump",fake
Gore looking to turn idle fans into activists 3year ad campaign will feature enemies united on climate,real
"Melania Trump: ‘If ISIS Lay A Finger On Barron, I’ll Scratch Obama’s Eyes Out’",fake
There’s another choice – Gov. Gary Johnson – Medium,real
LexisNexis(R) Publisher,real
CPD: 2008 Debate Transcript,real
Oscar Pistorius Attempts To Commit Suicide,fake
"S.1591 - 104th Congress (1995-1996): A bill to prohibit campaign expenditures for services of lobbyists, and for other purposes.",real
Ron Paul Praises Embattled RNC Chief Michael Steele For Leadership On Afghanistan,real
Mike Pence: “Allowing Rape Victims To Have Abortions Will Lead To Women Trying To Get Raped”,fake
Facebook Picks Sides in Alabama Senate Race=> Shuts Down Gateway Pundit and Breitbart Reports on Discredited Allred Accuser,fake
Texas law enforcement officer fatally shot upon arriving for work by 3 Muslim refugee. Do you support to deport them?,fake
Web Ad A Tale of Two Mitts,real
FDA Announced That Vaccines Are Causing Autism,fake
Fox News Sunday,real
"300,000 Pounds of Counterfeit Rat Meat Has Been Sold as Chicken Wings in The U.S.",fake
BREAKING: Fox Star Tucker Carlson In Critical Condition After Head On Collision Driving Home,fake
"Outlook, Office, Skype, Bing, Breaking News, and Latest Videos",real
Paul Ryan: “Donald Trump Plans To Resign From Office Within The Next 30 Days”,fake
Rep Poe Interviewed on Fox Business Network,real
BREAKING: Leaked Picture Of Obama Being Dragged Before A Judge In Handcuffs For Wiretapping Trump,fake
Survey Results from Hays Research Group,real
Colorado Rockies Baseball Team To Sell Marijuana Brownies At Their Concession Stands,fake
Obama Exclusive Concedes Senate Voteainst Raising Debt Limit Was Political,real
 Wake Up America,fake
Nexis®: Sign In,real
Barack Obama Challenges John McCain To Duel Over Taxes,real
"No, Sandra Bullock didn't disparage Hillary Clinton",fake
Clinton campaign’s claim that Trump would ‘force schools to allow guns in classrooms’,real
'This Week' Transcript: Target Libya,real
BREAKING: Rosa Parks’ Daughter Praises Trump’s Response to Charlottesville – forfreedomworld,fake
Remarks by the President in Twitter Town Hall,real
Fox News Sunday,real
9 celebrities who say they'll move to Canada if Donald Trump becomes president,fake
"Police Officers, Firefighters and Others Get Hit with Tax Penalty",fake
"At Trump hotel site, immigrant workers wary",real
Summing Summertime: Part 4,real
Memorial Day,real
"Impact of Senator Obama's Tax Proposals as Described by Economic Advisors on Workers, Distribution of Federal Tax Change by Cash Income Percentile, 2009",real
Press release AIG Discloses Counterparties to CDS GIA and Securities Lending Transactions,real
H.R.1025 - 103rd Congress (1993-1994): Brady Handgun Violence Prevention Act,real
Kurt Russel Just SHOWED Overpaid Celebs It’s Time To Shut Up About Trump – Hits Them Where It Hurts!,fake
"Outlook, Office, Skype, Bing, Breaking News, and Latest Videos",real
U.S. Senate: U.S. Senate Roll Call Votes 103rd Congress,real
'This Week' Transcript: Holder and Giuliani,real
Democratic National Convention Committee,real
Barack Obama says U.S. oil production last year was highest since 2003,real
Transcript: House Majority Leader Boehner on 'FNS',real
Strong Words in Ohio as Obama and Clinton Press On,real
John Hagee Calls For “Prosecuting Women Who Say God’s Name During Intercourse”,fake
Impeachment Talk Becomes a Cynical Game,real
Sale of the Etch A Sketch Brand,real
letter filed on behalf of Sen Barack Obama and the Obama Exploratory Committee,real
URGENT: proposed law would charge protesters with terrorism,fake
Births: Preliminary Data for 2005,real
"BREAKING: Barron Trump Rushed To The Hospital, Hospital Releases Statement On His Condition",fake
Obama Criticizes McCain on Lobbyists,real
Remarks by the President at CNBC Town Hall Discussion on Jobs,real
JUST IN: Barack Obama ARRESTED in a Japanese Drug Bust,fake
Remarks of Senator Barack Obama An Agenda for MiddleClass Success,real
The Democratic Debate in Cleveland,real
Republican response to President Barack Obamas Weekly radio address,real
DEA Just Raided A United States Senator,fake
Sen. Sanders warns of ‘frightening trend’ towards oligarchy,real
TRUMP WANTS TO DEPORT AMERICAN INDIANS TO INDIA,fake
The full transcript of the third presidential debate,real
Arizona Department of Public Safety,real
Gross Domestic Product Percent change from preceding period,real
"Outlook, Office, Skype, Bing, Breaking News, and Latest Videos",real
The Fact Hub,real
Rockefeller: An Opportunity We Cant Pass Up,real
Full Interview Transcript: President Barack Obama,real
The Obameter: Introduce a comprehensive immigration bill in the first year,real
"Trump asking Congress, not Mexico, to pay for border wall",real
Israel should welcome Rouhani's election victory,real
Schneiderman suing Trump over DACA cites 'discriminatory animus',real
"Georgia Mosque KEEPS Hurricane Harvey Donations, Will Send To Syrian Refugees Instead",fake
The Committee on Energy and Commerce,real
"BREAKING: Trump fires Deputy Attorney General Rod Rosenstein, raising questions over Mueller’s fate",fake
BREAKING: 60 People Just Found Dead In Ohio,fake
Transcript: Blue-Ribbon Panel on Health Care,real
BREAKING: Hillary Clinton Killed In Monster Truck Mishap,fake
Police Discover Meth Lab In Back Room of Alabama Walmart,fake
Information for the Nation,fake
Buzz Aldrin ‘passes UFO lie detector test leaving experts convinced that he encountered alien life’,fake
deputy director of national health statistics in the Office of the Actuary at the Center for Medicare and Medicaid Services,real
Local News Headlines Hawaii,real
"NFL Lawyer, Who Claimed Super Bowl Is ‘Rigged’, Found Dead",fake
Obama Goes To G20 Summit,fake
Reps Cummings and Cole Interviewed on MSNBC,real
Prince William May Not Attend Royal Wedding Leaving Harry Without a Best Man; Princess Diana Would Not Be Happy,fake
The numbers don't lie... - Occupy Democrats,fake
2011 Urban InstituteBrookings Institution Tax Policy Center,real
Obama addresses key concerns for Floridians,real
Noted and Quoted,real
"IMPEACHMENT HINT STIRS HOUSE CLASH; Democratic Orators Spring to Roosevelt Defense, Charging 'Malice.'",real
Neon Nettle,fake
BREAKING: First NFL Team Declares Bankruptcy Over Kneeling Thugs,fake
Congressman Allen West : Final Weekly Wrapup,real
LexisNexis(R) Publisher,real
What Carly is doing tonight – Carly Fiorina – Medium,real
Situation Syria Regional Refugee Response,real
BREAKING: Supreme Court Issues Its First Bench Warrant Ever,fake
John McCain,real
25th Amendment,real
a professor of American Studies at Lynn University,real
"Preliminary Analysis of the Chairman’s Mark for the America’s Healthy Future Act, as Amended",real
Trump Nation,fake
Let’s Not Be Civil,real
"'This Week' Transcript: Madeleine Albright, Sen. Lindsey Graham, Sen. Kent Conrad and David Cote",real
Renewing Americas Promise,real
"Outlook, Office, Skype, Bing, Breaking News, and Latest Videos",real
BREAKING: President Trump Signs Executive Order Stripping NFL Of ‘Non-Profit’ Status,fake
National Federation of Independent Business,real
Part I: CNN/YouTube Democratic presidential debate transcript,real
Political TV Ad Archive » PolAd,real
"DNC’s Donna Brazile Dedicated Her Book to ‘Patriot’ Seth Rich, Whose Death Made Her Fear for Her Own Life",fake
H1N1 vaccinations to be offered to Guantanamo Bay detainees,real
CNN host Fareed Zakaria calls for jihad rape of white women,fake
"If Democrats Lose, Blame These Guys",real
Joint DHS and ODNI Election Security Statement,real
Alabama football Crimson Tide disqualified from national championship,fake
Kerry-McCain: Welcome To Massachusetts!,real
3/8/14 Sen. Rob Portman (R-OH) delivers Weekly GOP Address on American jobs,real
Interview with Rudy Giuliani,real
Obama Announces Bid To Become UN Secretary General – Usa News,fake
"Outlook, Office, Skype, Bing, Breaking News, and Latest Videos",real
WORSE THAN HITLER! Trey Gowdy’s Son Found In A Dumpster In DC! Murders Are Being Questioned!,fake
'This Week' Transcript: Biden,real
BREAKING: President Trump Just Told Paul Ryan ‘You’re Fired’,fake
"THIS IS AMAZING: In 1984, the New York Times said Trump would be our BEST president…They forgot…..",fake
BREAKING: Monica Lewinsky Found Dead In Roslindale,fake
BREAKING: 3 Liberal Celebrities Arrested For Conspiracy To Assassinate President Trump,fake
Rand Paul: Will Donald Trump betray voters by hiring John Bolton?,real
Jeb Bush 2016 Same Resume Right to Rise USA PAC,real
U.S. Senate: U.S. Senate Roll Call Votes 110th Congress,real
Pope Calls for World Wide Gun Confiscation Except for the UN,fake
Laguna Beach Antifa 22m David Hogg Didn't Attend Parkland High School I Went to School With Him at Redondo Shores High School in California and He Graduated in 2015 Here He Is in Our Yearbook From 201,fake
JEFFERSON DAVIS STATUE TO BE REPLACED WITH OBAMA LIKENESS,fake
Memory Lapse? Trump Seeks Distance From 'Advisor' With Past Ties to Mafia,real
Monthly Treasury Statement of Receipts and Outlays of the United States Government,real
Report on Geithners tax issues,real
REPORT: Kim Jong Un Killed In Trump’s Overnight Black Op Attack On North Korea -,fake
Food Standards and Labeling Policy Book,real
"Senator Biden’s Remarks in Springfield, Ill.",real
Application for ‘March For Our Lives’ permit was made months before Parkland school shooting,fake
Expanding Opportunity — #KempForum16 – Paul Ryan – Medium,real
Youngest World Leader Bans George Soros’s Foundations From Austria,fake
The latest political news and headlines from D.C. and beyond,real
Testimony on CBO’s Assessment of the Air Force’s Plan to Acquire 100 Boeing Tanker Aircraft,real
Average cable TV bill cited in article on industry study,real
Transcripts,real
Putin says: ‘Pope Francis Is Not A Man Of God’ | Must-See !!,fake
Regular Session Senate Transcript,real
State of the Union 2013,real
Social Security Online History Pages,real
Updated: The Facts About Hillary Clinton’s Emails,real
BOMBSHELL!! Obama Paid FBI Informant Over $1 MILLION To Do It To Trump! EVEN AFTER THE ELECTION!,fake
Robert Redford Says: Michelle And Barack Obama Should Get Five Years In Prison,fake
Trump on Revamping the Military: We’re Bringing Back the Draft,fake
Summary of the Affordable Care Act,real
Account Suspended,fake
UPDATE: Second Roy Moore Accuser Works For Michelle Obama Right NOW -,fake
"Employment, Hours, and Earnings from the Current Employment Statistics survey (National) Home Page",real
Florida Democrats Ask HHS to Protect Floridians from High Insurance Premiums in Marketplace,real
'This Week' Transcript: Hillary Clinton,real
Remarks by the President on the American Jobs Act,real
"Switchboard, from NRDC :: Barbara Finamore's Blog :: China’s Carbon Intensity Target",real
Losing Ground Foreclosures in the Subprime Market and Their Cost to Homeowners,real
Washington State Legislature votes to change its name because George Washington owned Slaves,fake
CBOs Estimate of the Effects on Direct Spending and Revenues of the House Amendments to the Senate Amendments to HR 976 the Childrens Health Insurance Program Reauthorization Act of 2007,real
"New Star Wars Movie Filming Near Rosenberg, Texas, Large Number of Extras Needed – WBN 12 News",fake
Border Security The Role of the US Border Patrol,real
Political TV Ad Archive » PolAd,real
Former presidents walk fine line in Trump’s America,fake
Breaking News: FBI Uncovers Evidence That 62 Million Trump Voters are All Russian Agents,fake
"Everything you need to know about the drone debate, in one FAQ",real
The Legislative Process,fake
HillaryClinton.com,real
A Solar Grand Plan: Scientific American,real
 If You Are Using This Toothpaste… Throw It Away Immediately Nov 28,fake
FrontPage Magazine,real
BREAKING ObamaLed UN Has Just Made It Official US To Immediately Pay Blacks ‘Reparations’,fake
‘Smallville’ Star Confesses She Sold Children To Rothschilds And Clintons,fake
"""One Hundred Percent"" by Club for Growth Action",real
"The pro-Russia, pro-weed, pro-Assange GOP congressman who will be tough to beat",fake
White House Chef Quits Because Trump Has Only Eaten Fast Food For 6 Months,fake
ABC News: ABC News,real
U.S. Senate: U.S. Senate Roll Call Votes 111th Congress,real
Statement by the President,real
CHIP Enrollment: June 2011 Data Snapshot,real
Poverty 2005 Highlights,real
"""New Energy"" Ad",real
“Put Palin’s WolfKilling Record on Television”,real
Trump on Prejean: Same as Obama,real
Biden raises possibility of 2020 presidential bid,fake
"Pope Francis At Mass: ‘Jesus Is Metaphorical, Not Literal’",fake
Family Policy Alliance,real
Rule by Rentiers,real
Country of Origin Labeling (COOL),real
Forget Kiev. The Real Fight Will Be for Crimea,real
A comprehensive investigation of voter impersonation finds 31 credible incidents out of one billion ballots cast,real
 Breaking President Trump makes English the official language of the United States,fake
"Obama Urges Bernanke, Paulson to Fight Foreclosures, Hold Homeownership Summit",real
"Author Offers Insights on Slavery, the Capitol, and Obama's Inauguration",real
"Penniless California issues IOUs to firms, clinics, taxpayers and students",real
Trump Orders 13 Obama Deep State Operatives Arrested For Treason,fake
Trump Removing Marines From the Navy,fake
Ohio student suspended for staying in class during National Walkout Day,fake
GDP and the Economy Final Estimates for the Third Quarter of 2007,real
Redirect Notice,real
Morgue employee cremated by mistake while taking a nap,fake
Breaking: Mar-A-Lago Destroyed By Irma-Jared Kushner Still Missing,fake
"ISIS Lays Down Arms After Katy Perry’s Impassioned Plea To ‘Like, Just Co-Exist’",fake
Spicer: “Trump Has The Legal Right To Cancel SCOTUS Because They Serve At His Pleasure”,fake
Trump's Tough Talk on Hedge-Fund Taxes Doesn't Match His Plan,real
Twitter Caught Leaking Donald Trump's Private Messages in Undercover Sting,fake
"McConnell, Webb, Jindal express uncertainty over Iran nuclear deal",real
Uniform Crime Reports,real
McCain: McSame as Bush,real
Public Citizen,real
Texas church shooter was a militant atheist,fake
U.S. Senator John McCain,real
Individual Income Tax Returns Publication 1304 (Complete Report),real
comments at the CNN Republican presidential debate in Las Vegas,real
Justice Department Memos on Interrogation Techniques,real
"'This Week' Transcript: Hoyer, Boehner and Bill Gates",real
Donald Trump Dead From A Fatal HEART ATTACK! — Steemit,fake
Economy Protect Homeownership and Crack Down on Mortgage Fraud,real
Flake: “Religious tests should have no place in the Senate”,real
Could Trump Win The Nobel Peace Prize? Peace in Korean Peninsula Would Be Significant Foreign Policy Achievement,fake
"Outlook, Office, Skype, Bing, Breaking News, and Latest Videos",real
"Donald Trump, Billy Bush: Interview Scrambles Race",real
interview with Bloomberg television,real
President Trump Just Saved Christmas For 13 Million Retirees,fake
Student Hasn't Stopped Filming Since Florida School Shooting,fake
TRUMP APPROVAL RATING Better than Obama and Reagan at Same Point in their Presidencies,fake
Chuck Schumers Steamy Affair With A High School Cheerleader Confirmed,fake
Giuliani in New Hampshire,real
Las Vegas Shooting Witnesses Report Multiple Gunmen Dressed as Security Guards Oct 3 2017,fake
Krugman calls Senate health care bill similar to law in Massachusetts,real
Stop Coddling the Super-Rich,real
'This Week' Transcript: Geithner,real
Political TV Ad Archive » PolAd,real
"New York Officials Welcome Immigrants, Legal or Illegal",real
Peanut Product Recall Took Company Approval,real
Remarks by the President at the Associated Press Luncheon,real
"The CNN Miami Republican debate transcript, annotated",real
"Table of Known Nuclear Tests Worldwide, 1945-1996",real
"NYC: PHYSICIAN and Wife Jump To Death…Leave Kids Behind Because They “Can’t Afford The Health Care” Only Hours After McCain, Murkowski, Collins and EVERY Democrat Voted To Keep Obamacare -",fake
"First family visits D.C. shelter, highlights homeless veterans’ plight",fake
BREAKING: Sasha Obama Just Crashed Her Expensive New Car Into A Lake,fake
Bill Gates Outlines 2018 Plan To Depopulate The Planet,fake
FindArticles.com,real
A Preliminary Analysis of the President’s Budget and an Update of CBO’s Budget and Economic Outlook,real
"Outlook, Office, Skype, Bing, Breaking News, and Latest Videos",real
Iraq pullout could create chaos,real
"Carolyn B. Maloney on Twitter: ""Women's health & wellbeing don’t seem to count in the math of the GOP's merciless #PayMoreForLess healthcare bill. We must not defund @PPFA!… https:",real
Trump’s Top Scientist Pick: “Scientists Are Just Dumb Regular People That Think Dinosaurs Existed And The Earth Is Getting Warmer”,fake
"Remarks by the President on the Economy -- Knox College, Galesburg, IL",real
"Hillary Rodham Clinton, Senator for New York: Schumer, Clinton Announce Key Senate Panel Approves Over $1.3 Million for Labor, Health and Human Services Projects in the Hudson Valley",real
HRC Caught On Tape Laughing About Irma Wiping Out All Of Those Florida Hillbillies,fake
TG-162: Treasury Announces $68 Billion in Expected CPP Repayments,real
President Trump Underscores US-Jamaica Relations,fake
"Employment, Hours, and Earnings from the Current Employment Statistics survey (National) Home Page",real
MoveOn.org Political Action: 10 things to know about McCain,real
Melania Trump undergoes kidney surgery at Walter Reed medical center,fake
Interest Group Ratings,real
International Energy Statistics,real
"Department of Homeland Security Appropriations Act, 2007 (2006; 109th Congress H.R. 5441)",real
The Republican Road to Recovery,real
Hillary Clinton Transcript: Read Full Text of Clinton Campaign Launch,real
Action for 25th Legislature,real
Illinois General Assembly,real
"Outlook, Office, Skype, Bing, Breaking News, and Latest Videos",real
San Juan City Council Votes Unanimously To Impeach Trump-Hating Mayor,fake
Meet Barack Obama,real
Chinese Lunar Rover Finds No Evidence Of American Moon Landings,fake
Broward County Sheriff Fired For Lying About Parkland,fake
JUST IN TODAY: Trey Gowdy Is The NEW DIRECTOR Of The FBI!,fake
Trump Vows to End Winter Heating Assistance for Elderly and Disabled – Our Voice,fake
Virginia Republican Wants Schools To Check Children's Genitals Before Using Bathroom,fake
Romney campaign ad,real
Infrastructure Report Card 2005,real
STUNNING! Democrats BOO and GROAN at Trump Mention of Murder Victims of MS-13 Killers (VIDEO),fake
REP. JENKINS: OPIOID CRISIS FUNDING SHOULD BE BASED ON NEED,real
House GOP Introduces Keep Terrorists Out of America Act,real
The Gingrich Tragedy,real
DONALD TRUMP PRAISES COLONEL SANDERS FOR HIS SERVICE IN THE CIVIL WAR Manny Schewitz O 2 Days Ago Off the Wire Speaking to Our Intern Dave Robicheaux Who Is Paid in Facebook Likes Trump Insisted Col H,fake
Obama: Gitmo inspires jihadists,real
"Seattle Police Begin Gun Confiscations: No Laws Broken, No Warrant, No Charges",fake
New Jersey Police Chief Says Black People ‘Have No Value’ And Should All Be Executed,fake
"Ryan's plan includes $700 billion in Medicare ""cuts,"" says Stephanie Cutter",real
Watch a replay of Fox News' 5 p.m. presidential debate,real
"Fed Up! Our Fight to Save America from Washington, by Rick Perry",real
Des Moines Register,real
Gretchen Carlson: “The 2nd Amendment Was Written Before Guns Were Invented”,fake
LexisNexis(R) Publisher,real
"Health Reform Carries Heavy Price, Insurers Claim",real
"Most heroin in U.S. now comes across Mexican border, Rob Portman says",real
Is The End In Sight For Supermax?,real
Change We Can Believe In,real
Melania Just Hit Donald Trump With Shocking Announcement He Never Saw Coming,fake
BREAKING: CZECH REPUBLIC ARMS CITIZENS – “YOU CAN NOW SHOOT TERRORISTS ON SIGHT”,fake
'This Week' Transcript: Odierno and Chiarelli,real
BREAKING: Malia Obama SUSPENDED After Racist Anti-White Attack Goes Viral,fake
The page you're looking for may have been moved or renamed,real
Computer Models Show IRMA Destroying New York City On Sept. 10,fake
Las Vegas campaign rally,real
alternativemediasyndicate.com,fake
Barack Obama on Twitter,real
Remarks by the First Lady on What Health Insurance Reform Means for Women and Families,real
JUST IN: Sarah Palin In A Coma After Hit And Run,fake
speech in Cincinnati,real
"Hannity says Obama won't even use the term ""war on terrorism""",real
trueamericans.me -&nbspThis website is for sale! -&nbsptrueamericans Resources and Information.,fake
BREAKING: Hillary Clinton Has Third Heart Attack-Docs Says She ‘Won’t Survive’,fake
BREAKING: Barcelona Terrorist Has A Cousin In The US Named Barack,fake
Families Facing Tax Increases Under Trump's Tax Plan,real
USDA approves slaughterhouses producing horse meat for human consumption,fake
Friend of Israel also woos Palestinians Visiting Obama focuses on Israels right to defend itself,real
Justices 1789 to Present,real
"Emma Gonzalez Bullied School Shooter, Isn’t Sorry; Then Retweets Message Blaming “White Boys’ Entitlement” As Cause Of All School Shootings",fake
Biden Issues Statement Following Conversation with Musharraf,real
State Of Minnesota Has Just Handed Over FULL CONTROL To Muslims So They Can Take Down ‘Infidels’,fake
Eric Trump: It would be 'foolish' for my dad to release tax returns,fake
"Whoopi Goldberg Humiliated, Handcuffed And Dragged Out Of The TV Studio",fake
Remarks by the President on a New Strategy for Afghanistan and Pakistan,real
'This Week' Transcript: Geithner,real
HOLLYWOOD CELEBS: WE WILL GO ON ‘TOTAL STRIKE’ IF TRUMP DOES NOT RESIGN,fake
Rubio: “Rape Victims Should Be In Custody If There Is Suspicion That They’re Planning Abortion”,fake
McCain-Palin 2008,real
RAW DATA: Dick Cheney's Remarks to the Center for Security Policy,real
The Associated Press: Obama Hits Clinton on NAFTA Support,real
Bill Clinton’s Hitman Confesses On His Deathbed (SOURCE: HANNITY),fake
Mental Images,fake
Rand Paul: Republicans 'Aren't Maybe Brave Enough' to Tackle Deficit,real
You are being redirected...,fake
Laws Affecting Reproductive Health and Rights: 2013 State Policy Review,real
US Representatives Promise Implement Of UN Gun-Control Plans,fake
"Employment, Hours, and Earnings from the Current Employment Statistics survey (National) Home Page",real
United States Senator Jim DeMint,real
Indictment US v Vince McMahon and Titan Sports New Haven Register,real
Fox News Sandra Smith: “Everybody Could See From The United Airlines Passenger’s Behavior That He Was Not A Genuine American”,fake
flashnewscorner.com,fake
"Michelle Obama: ‘Florida Shooting Is Clearly Trump’s Fault, These Shootings Are Happening Constantly Since He Became Our President.We Must Protect Our Children From This Tyrant”Do You Support Her?’",fake
Clinton Campaign official arrested by FBI on child rape/trafficking charges,fake
In Obama's Words,real
How Donald Trump Lost the 'War on Christmas',fake
Pope Francis To Followers: “Koran And Holy Bible Are The Same”,fake
Remarks of Senator Obama: The War We Need to Win,real
Library of Congress,real
Centers for Disease Control and Prevention,real
Republican consultant says Barack Obama promised to halve federal deficit in his first term,real
The Des Moines Register,real
Bumble Bee Foods charged after man cooked with tuna,fake
Bureau of Labor Statistics Data,real
'This Week' Transcript: Adm. Mike Mullen,real
Thousands killed as Israel Drops Tactical Nuclear Bomb On Syria,fake
"Inside the Snapchat bloodbath: 60 minutes of terror which left 17 dead, bodies in classrooms and kids 'full of blood'",fake
Chairmans Mark Americas Healthy Future Act of 2009,real
"Outlook, Office, Skype, Bing, Breaking News, and Latest Videos",real
'This Week' Transcript: Rep. Paul Ryan,real
Denzel Washington: With Trump we avoided war with Russia and Orwellian Police State,fake
2011 Urban Institute and the Blue Cross Blue Shield of Massachusetts Foundation,real
"Donald Trump Protester Speaks Out: “I Was Paid $3,500 To Protest Trump’s Rally”",fake
Remarks by the President at GOP House Issues Conference,real
proudleader.com,fake
"Last in Queen Elizabeth II's line of corgis dies, says British press",fake
iQ media Clip Player,real
Barack Obama’s Remarks in St. Paul,real
FY 2010 President's Budget,real
Senate begins health care debate amid calls for tort reforms,real
Statement by the President,real
"McCain touts 'Gang of 14,' immigration reform",real
"FOX Network Picks Up ‘Roseanne,’ Saying It Has No Problem With Occasional Racism – The Newly Press News Network – POTUS Press Network",fake
Bowe Bergdahl wanders off during court-martial — Duffel Blog,fake
Transcript of Wednesday's presidential debate,real
"South African firm ordered to lay off 3,389 white employees",fake
Notice: Data not available: U.S. Bureau of Labor Statistics,real
Food Stamp Enrollment Drops by Four Million in One Month,fake
the Border Security Economic Opportunity and Immigration Modernization Act as passed by the Senate,real
Bill Gates’ Former Doctor Says Billionaire ‘Refused To Vaccinate His Children’,fake
First Indictment Issued In Russian Bribery Case Tied To Obama-Era Uranium One Deal,fake
No More Dragging Up the Rear Arkansas Bows To Pressures To Put Schools To the Test,real
Remarks by the President on Increasing Oversight on Manipulation in Oil Markets,real
"Fact-Check: No, Fall River, Massachusetts, Was Not ‘Built by Immigrants’",fake
transcript accessed via Nexis Mitt Romney Sends Taped Message to 2011 NRA Convention,real
Donald Trump to issue an executive order to ban Facebook across US,fake
or Degrading Treatment of Punishment Text of International Covenant on Civil and Political Rights Text of Geneva Convention relative to the Treatment of Prisoners of War Text of Geneva Convention relative to the Protection of Civilian Persons in Time of War Text of Universal Declaration of Human Rights Jay Bybee assistant attorney general,real
America's Enduring Strength,real
Post claiming free tickets on Allegiant Air,fake
Obama’s Tax- Skipping – Audit Shows Millions In Offshore Accounts,fake
Cannibals Arrested in Florida Claim Eating Human Flesh Cures Diabetes and Depression,fake
Obama knows his way around a ballot -- chicagotribune.com,real
"Shields and Gerson on Cabinet Noms, Gun Laws, Boehner's Leadership | PBS NewsHour | Dec. 21, 2012",real
BREAKING: Conservative Icon Ted Nugent Killed In Hunting Accident,fake
"No, We Can’t? Or Won’t?",real
Palin-Huey,real
"Paul Ryan: “22 Million Americans Choose To Be Poor, So It’s Their Own Problem If They Can’t Afford To Be Healthy”",fake
LexisNexis(R) Publisher,real
'This Week' Transcript: Gen. Jim Jones (Ret.),real
Public Views on Health Care Overhaul Top Week's News,real
"National Guard Storms Mexico Border, Makes Game-Changing Impact In Just 30 Days",fake
Melania Trump Hired Exorcist To ‘Cleanse White House Of Obama Demons’,fake
Protecting Our Children from the Dangers of Smoking,real
Palin tries new tactic to unload hated jet: Gov. Sarah Palin background,real
Pro-Lifers Declare “Ejaculation Is Murder: Every Sperm Cell Is A Life”,fake
WarOnPoverty50,real
"Bill Murray Had This to Say About Rochester, New Hampshire Residents – News Daily 12",fake
"Most heroin in U.S. now comes across Mexican border, Rob Portman says",real
Fiscal Year 2011 Email interview with Todd Harrison of the Center for Strategic and Budgetary Assessments,real
Attorney General Sessions Statement on Recusal,fake
Obama Secretly Flees US – Leaves Stunning Evidence Behind,fake
Ted Cruz' Full 'Meet the Press' Interview,real
Tom Price: “It’s Better For Our Budget If Cancer Patients Die More Quickly”,fake
Sen. Barack Obama's answer to meeting energy demands,real
Congress: Job Ratings,real
Democrat Maxine Waters Has Shown Up To Only 10% Of Congressional Meetings For 35 YEARS,fake
McCain Blamed For Sabotaging Trump,fake
Mike Huckabee: Fried Squirrel Out of a Popcorn Popper,real
Jason Aldean Gig Canceled After He Sells Out To Liberals On SNL,fake
Estonia Might Have The Most Efficient Tax Filing System In The World,real
2007 Kaiser/HRET Employer Health Benefits Survey,real
Account Suspended,fake
U.S. House Committee on Foreign Affairs,real
"Russian source behind Trump dossier killed in Russian plane crash, Rosatom CFO also dead. : conspiracy",fake
Denzel Washington hit by Facebook fake news story on Trump,fake
Patient Protection and Affordable Care Act,real
Inquiry Sought in Hillary Clinton’s Use of Email,real
Clinton Foundations Sends Water To Houston For $7 A Bottle,fake
"As Americans Save Money, their Government Spends with Reckless Abandon",real
"Vladimir Putin's Approval Rating Hits All-Time High, Boosted by Syria Airstrikes",real
"In reversal, McCain says lift ban on offshore drilling",real
CQ Vote Studies,real
"Background Briefing on GM Restructuring, May 31, 2009",real
"President Trump Campaigns Rick Saccone Pennsylvania, Mar 10 2018",real
Transcript of Republican Presidential debate at the Ronald Reagan Library in Simi Valley,real
BREAKING: Meryl Streep Just Got Fired From A Major Project For Lying About Trump -,fake
Leonardo DiCaprio Tells President Obama That He's Going to Mars,fake
Des Moines Register,real
comments in Fayetteville NC,real
Jim DeMint on Twitter,real
The Tonight Show with Jay Leno,real
Southwest Airlines 2017,fake
BREAKING: Nancy Pelosi Was Just Taken From Her Office In Handcuffs,fake
Sen. Gregg: President Obama's Budget Proposal Is a 'Disaster',real
Critical Mention,real
Delta Force Raids Obama Stronghold in Thailand,fake
First Presidential Debate,real
Babysitter on Crystal Meth Eats 3-Month-Old Baby,fake
"Oprah Winfrey: The Butler, racism and Obama",fake
American News is under construction,fake
'This Week' Transcript: Pelosi and Gates,real
"Somali Immigrant Crashes Car Into Ohio Families Home, Killing The Infant At Home",fake
'This Week' Transcript: Sen. Dianne Feinstein and Rep. Mike Rogers,real
McCain spoke up early,real
New York Election Results November 7,real
"Key Facts: Race, Ethnicity and Medical Care",real
Whoopi Goldberg: Navy SEAL Widow was “Looking for Attention”,fake
Bachmann: “White People Have Suffered More In The Last 8 Years Than Blacks Did During Couple Years Of Slavery”,fake
Civil War Erupts In Sweden as Irate Swedes Burn Nine Muslim Refugee Centers to the Ground,fake
Mike Gravel 2008,real
"Statement from FDA Commissioner Scott Gottlieb, M.D., on FDA’s ongoing efforts to help improve effectiveness of influenza vaccines",fake
Change We Can Believe In,real
Text - H.R.2122 - 106th Congress (1999-2000): Mandatory Gun Show Background Check Act,real
International Arrest Warrant Issued for George Soros,fake
BREAKING: Nancy Pelosi To Resign After New Revelations – NRTOnline,fake
Stephen Bannon: “Nobody Can Blame You For Beating Your Wife If It’s Out Of Love”,fake
Mourning in America,real
Financial Rescue Nears GDP as Pledges Top 128 Trillion by Mark Pittman and Bob Ivry,real
"He says universal, but it's no guarantee",real
SMOKING GUN=> San Juan Teamsters Didn't Show Up for Work to Distribute Relief Supplies,fake
Full text: Jeff Flake on Trump speech transcript,fake
Cravaack Passes Amendment to Improve US Aviation Security in Opposition to Obamas Planned Disarming of Federal Flight Deck Officers,real
Alabama Secretary of State,fake
Rep. Michael McCaul (R-TX) Appears on Face the Nation,real
eCFR — Code of Federal Regulations,real
"Bill Clinton on Rush Limbaugh, His Mistakes, the Supreme Court and Middle East Peace",real
BREAKING: Bill O’Reilly In Critical Condition After Being Attacked By ‘Tolerant’ Liberals,fake
"OFFICIAL: Rudy Giuliani Officially Resigns, Trump’s Legal Team on Its Last Leg",fake
Americas 5 Best Governors,real
"Nancy Pelosi Suffers Breakdown, Taken From Capitol Hill On A Stretcher",fake
Administration Is Seeking $700 Billion for Wall Street,real
“HIV VIRUS” Found In Walmart Bananas After 10 Year Old Boy Agreements The Infection,fake
PolitiFact’s annotated transcript of the second presidential debate,real
"Romney makes pitch, hoping to close deal : Elections : The Rocky Mountain News",real
Texas Church Shooter Was Antifa Member Who Vowed To Start Civil War,fake
"Flight Crew Takes A Knee And Walks Off, Leaving New Orleans Saints Stranded On Runway",fake
"UN Refugee Agency welcomes arrival of 10,000th Syrian refugee resettled to United States",real
Sanders Supports Gun Safety Bill,real
Donald Trump featured in new jihadist recruitment video,real
The CNN Democratic presidential debate in Texas,real
The Democratic Debate in Cleveland,real
The Texas Unmiracle,real
Red Hen Owner Just Issued Sick Threat To Sarah Sanders After Biz Was Destroyed By Booting Her,fake
"Outlook, Office, Skype, Bing, Breaking News, and Latest Videos",real
Rep Mike Pence Web site,real
U.S. Senator Debbie Stabenow of Michigan,real
AUTOS: The Dinosaur Hunter,real
Ivanka Trump: Father feels 'vindicated' after Comey hearing,real
Keanu Reeves Shook The World With Another POWERFUL Message,fake
Wife of Las Vegas massacre victim: ‘He saved my life and lost his’,fake
Obamas comments on capandtrade costs,real
New Regulation Requires 75 MPH Governor On All Motorcycles,fake
International Energy Statistics,real
"Before leaving governor’s office in 2006, Mitt Romney’s staff eliminated e-mail records",real
Man Loses His Testicles After Attempting To Smoke Weed Through A Scuba Tank,fake
Resource Not Available,real
Morgan Freeman: ‘Jailing Hillary’ Best Way To ‘Restore Public Faith In Govt’,fake
Change We Can Believe In,real
Hispanic Populations Share of Wealth Likely to Increase by 2025,real
Obama Promises Abortion in Public Plan,real
Senator Bernie Sanders on Democratic Socialism in the United States,real
Dying 78 Year Old CIA Agent Admits To Killing Marilyn Monroe,fake
BREAKING! Roy Moore’s Accuser Worked for Democratic Leaders and Is Actively Campaigning for Moore’s Opponent ⋆ Activist Mommy,fake
Hillary Clinton Remarks at National Urban League Conference,real
"Crist has experience to be vice president, McCain says",real
Barasso Ready to Question Kagan,real
Court Orders Obama To Pay $400 Million In Restitution,fake
remarks in Philadelphia,real
Daily Fuel Gauge Report Aug 1,real
Transcripts,real
Senate Passes Obama-Hagel Provision Aimed at Preventing Nuclear Terrorism,real
Interest Group Ratings,real
"Obama for America TV Ad: ""Firms""",real
CNN To Permanently Close Its Doors As Ratings Plunge 30 Percent,fake
Donald Trump Sets Conditions for Defending NATO Allies Against Attack,real
Full text: Jeff Flake on Trump speech transcript,real
Resource Not Available,real
PolitiFact’s annotated transcript of the second presidential debate,real
BUSTED: Obama is Holding Secret Meetings to OVERTAKE the White House,fake
WE CALLED IT! Gloria Allred Accuser **ADMITS** She Tampered With Roy Moore's Yearbook 'Signature' (VIDEO),fake
Carnival Cruise Lines will now offer FREE Cruises,fake
"Nancy Pelosi, Wicked Witch of the West",real
FDIC: FIL-14-2005: Revised Examination Guidance,real
Taxable Estates Estate Tax Liability and Average Estate Tax Rate By Size of Gross Estate,real
Julia Roberts Claims ‘Michelle Obama Isn’t Fit to Clean Melania’s Toilet’,fake
Should ISIS' gains lead to more U.S. troops in Iraq?,real
"Mom applies a remedy to her baby, moments later he dies. Be careful with this, moms!",fake
"In Weekly Republican Address, Boehner Calls For “New Way Forward” Focused on Creating Jobs, Cutting Spending, & Reforming Congress",real
BUSTED: Russian Mansions Obama Seized Were Meant To Be Illegal Gifts To Sasha And Malia,fake
JUST IN: John Kerry Facing Prison,fake
BREAKING: Black Hockey Player FIRED After Raising Fist During National Anthem,fake
“Put Palin’s WolfKilling Record on Television”,real
Assistant professor of economics at the Gatton College of Business and Economics at University of Kentucky,real
WHITE SUPREMACIST WHO KILLED PROTESTER IS A DEMOCRAT AND VISITED OBAMA IN OVAL OFFICE (Updated 16.08.2017) – Newsfeed – Hasslefree allsorts,fake
Transcripts,real
"Hillary Rodham Clinton, Senator for New York: Floor Speech of Senator Hillary Rodham Clinton on S.J. Res. 45, A Resolution to Authorize the Use of United States Armed Forces Against Iraq",real
No MidOct Paycheck for Troops if Government Shuts Down Lawmaker says,real
Philando Castile Had Been Stopped 52 Times By Police,real
"DNC TV AD: ""Trapped""",real
"Senator Charles Schumer NY November Midterm Elections, Nov 25 2014",real
Rep Jan Schakowsky on MSNBC,real
Executive Order Protecting the Nation from Foreign Terrorist Entry into the United States,real
Black Men Arrested In Philadelphia Starbucks Settle For $2 Million,fake
US Foreign Economic and Military Aid by Major Recipient Country The New York Times,real
BREAKING: Shep Smith To Be Canned Because He Can’t Control His Hate For Donald Trump,fake
BREAKING: Johnny Depp Taken Into Custody By Secret Service,fake
WATCH LIVE: Tim Kaine and Corey Stewart meet for first U.S. Senate debate in Virginia,real
Web Ad A Tale of Two Mitts,real
"Washington Post: Breaking News, World, US, DC News & Analysis",real
foreign policy speech,real
Transcripts,real
Organizing for Action,real
Remarks by the President on Oil and Gas Subsidies,real
John McCain for President,real
Radical Muslims in Australia OFFENDED That Their Children Have to Sing the National Anthem,fake
"Remarks by the President on Comprehensive Immigration Reform in El Paso, Texas",real
Fox News Sunday,real
"The first Trump-Clinton presidential debate transcript, annotated",real
Barack Obama’s Remarks in St. Paul,real
ICE removal key goal of Democrats in 2020 election,fake
Democratic National Convention,real
"BOMBSHELL: COMEY KNEW MURDERED DNC STAFFER, SETH RICH, WAS WIKILEAKS SOURCE & COVERED IT UP FOR HILLARY",fake
Table B46 Employees on nonagricultural payrolls by major industry 19552006,real
Planned Parenthood® Action Center,real
World's most popular candy to be removed from shelves by October 2017!,fake
One in Four – Congressman Joe Pitts – Medium,real
Investigators: Anthony Bourdain Was Killed By Clinton Operatives,fake
Tens of Thousands Of Scientists Declare Climate Change A Hoax,fake
Create a Prank and trick your friends,fake
BREAKING: The Democrat James Comey Has Been Having An Affair With Was JUST REVEALED! (DETAILS),fake
The CNN porn scare is how fake news spreads,fake
Libtard Hero Al Franken Forced To Resign In Disgrace,fake
Target Recalls Water Absorbing Toys Due to Serious Ingestion Hazard,fake
MEXICO’S NEXT PRESIDENT Calls for An Invasion Of The US….,fake
CONFIRMED ! JUSTICE RUTH BADER GINSBURG IS RESIGNING FROM THE POST OF ASSOCIATE JUSTICE OF THE SUPREME COURT,fake
Kim Jong Un Dead: North Koreans Calling Trump An Assassin,fake
Dr. James Dobson,real
Trump warns Russia over Jehovah’s Witnesses ban and urges members to seek asylum in the US,fake
Pier 39 Terrorist Was an Anti-Trump Antifa Supporter,fake
Delta targeted in online free airline ticket scam,fake
MoveOn.org Political Action: General Petraeus or General Betray Us?,real
Session Law,real
 Actress Emma Stone ‘For the first time in history we have a president that…,fake
U.S. Solar Market Insight Report,real
Text of H.R. 3338 (107th): Department of Defense and Emergency Supplemental Appropriations for Recovery from and Response to ... (Passed Congress version),real
Dean Ralph Reed Fundraiser Reveals McCain Double Talk on Ethics,real
‘Americans need to stand together’: Hillary Clinton’s remarks following the Orlando shooting,real
speech on the floor of the US House of Representatives,real
ELECTORAL COLLEGE ELECTOR COMMITS SUICIDE TO AVOID VOTING FOR DONALD TRUMP,fake
Massachusetts Department of Elementary and Secondary Education,real
"9/11 families, others rally in favor of NYC mosque",real
Interview with Sen John McCain,real
"Bill Clinton Says He 'Never Said A Bad Word About Senator Obama,' At mtvU's First 'Editorial Board'",real
CALIFORNIA DEMOCRAT MAXINE WATERS CHARGED ON 3 COUNTS. DO YOU SUPPORT THIS?,fake
Transcripts,real
MoveOn.org Political Action: 10 things to know about McCain,real
Rep. Vern Buchanan on Twitter,real
Contact Support,fake
UsPostman.com is for sale (Us Postman),fake
Rand Paul: We Must Demilitarize the Police,real
"Sec. John Kelly on Manchester investigation, keeping America safe",real
"Care Without Coverage: Too Little, Too Late",real
Australia Becomes First Country To Begin Microchipping Its Citizens,fake
Pope Francis: Gun Owners 'Can’t Call Themselves Christian' Anymore,fake
Trey Gowdy Breaks His Silence After 2 Of His Investigators Are Found Tortured And Killed…,fake
The Return of the Viral Email,real
Debbie Wasserman Schultz on Twitter,real
Remarks by the President on Responsible Homeownership,real
"Outlook, Office, Skype, Bing, Breaking News, and Latest Videos",real
‘NASA Confirms’ 15 Days Of Darkness Coming This Month,fake
McCain Campaigns In Nashville,real
Planned Parenthood® Action Center,real
82-Year-Old Who Killed A Muslim In Self-Defense Gets The Death Penalty,fake
"Earmark reform? 2009 spending bill contains 9,000 of them",real
CQ Vote Studies,real
"Letter to the Honorable John Boehner providing an estimate for H.R. 6079, the Repeal of Obamacare Act",real
British Politician Beaten by Protestors for 'Welcoming Trump to the UK',fake
"3rd Democratic debate transcript, annotated: Who said what and what it meant",real
BREAKING: Supreme Court Sides With Trump–This Changes Everything!,fake
"Shaquille O’Neal Says: ‘Trump Is Possibly The Best President Of The President Of All Times Ever, He Is Not Afraid To…’",fake
Lisa Page Squeals: DNC Server Was Not Hacked By Russia,fake
majorthoughts.com,fake
JUST IN: 45 States Just Banned Sharia Law. Do You Support This? – ChristmasGifts,fake
Twelve More Hurricanes Headed Towards US,fake
BREAKING: Santa Fe Killer Confesses His Love For Obama,fake
"The hacked emails at the center of Mueller’s Russia investigation, explained",fake
'The Daily Show's' Michelle Wolf Lands Her Own Netflix Late-Night Show (Exclusive),fake
Rising to a New Generation of Global Challenges,real
Health Insurance Coverage in the United States 2015,real
2011 via CQ subscribers only Tax Foundation,real
Op-ed by President Obama: President Obama Reflects on the Impact of Title IX,real
Louise Slaughter on Twitter,real
"Mitch McConnell, Alison Lundergan Grimes Have 'Sharp Differences' on Campaign Finance Rules",real
Target to Discontinue Sale of Holy Bible,fake
TPMtv Extra: South Carolina Ronald Reagan Debate,real
dailynative.us,fake
Transcript Briefing by Press Secretary Robert Gibbs,real
john.he.is,real
Transcripts,real
Donald J. Trump on the Stakes of the Election,real
All Citizens Who Want to Receive Gvt Benefits Must Agree to Be Microchipped in the Near Future,fake
Transcripts,real
Rice told investigators why she unmasked Trump aides,fake
public information officer for Palm Beach County Property Appraisers Office,real
"Budget of the United States Government, FY 2008",real
Starbucks Just Placed Trump’s Photo on Floor so Every Customer have to Step On It….,fake
NASA ANNOUNCED THAT IT COMMUNICATED WITH FOUR RACES OF ALIENS,fake
Hillary In Hiding As Police Discover Dead Body Hidden In Huma Abedin’s Dumpster,fake
Frequently Asked Questions,fake
Terror Suspects Are Buying Guns - and the FBI Can't Stop Them,real
Sid Miller,fake
BREAKING: Irish superstar Saoirse Ronan dies after on-set accident in St. Lucia,fake
Testimony on the Alternative Minimum Tax,real
U.S. Senator Rand Paul of Kentucky,real
"""Face the Nation"" transcripts, August 26, 2012: Rubio, Priebus, Barbour, Blackburn",real
Morgan Griffith says EPA treats milk spills same way as oil spills,real
05/27/99 Committee on the Judiciary,real
2008 Presidential Election,real
Monthly Budget Review,real
It’s Time for the Senate to Do Its Job – Congressman Mike Honda – Medium,real
"Obama, Not Donald Trump, May Be Invited to Royal Wedding of Prince Harry and Meghan Markle",fake
WHOA! YouTube Witness Makes SHOCKING Admission On LIVE TV! CNN PULLS PLUG IMMEDIATELY! — ShareRED,fake
The Colbert Report,real
US Government Accountability Office Report to Congressional Committees,real
Why the Public Option Isn't the Only Answer to Health-Care Reform,real
"80% of black men in Atlanta are Homosexuals, study says",fake
U.S. Senate: U.S. Senate Roll Call Votes 110th Congress,real
BREAKING: Clinton Foundation Cargo Ship Raided At Port Of Baltimore Reveals Sick Secret,fake
"NASA Will Pay You $100,000 To Stay In Bed For 60 Days!",fake
Head Of NFL Fines Steeler Teammates $1 MILLION Each!,fake
Sarah Palin Calls To Boycott Mall Of America Because “Santa Was Always White In The Bible”,fake
WE WILL RIOT! Michelle Obama’s Mom Will Receive $160k Every Year Out Of Taxpayers’ Pockets!,fake
Manager killed 10 employees at checkers on 183st and 27ave,fake
Political Figures: C (2),real
Iranian Official Drops Bombshell: Obama Secretly Gave Citizenship to 2500 Iranians as Part of Nuke Deal,fake
The Budget and Economic Outlook: Fiscal Years 2009 to 2019,real
FBI RAIDS OBAMA – Find Massive Secret That Was Hidden For YEARS,fake
Vets for Trump Facebook page,fake
Thinking about writing in a candidate on Election Day? Read this before you do.,fake
2011-2012 Wisconsin Legislature Documents,real
American News is under construction,fake
Encounters With 'Regular Guy' Fred Thompson -- New York Magazine,real
NASA Will Pay You 18000 USD To Stay In Bed And Smoke Weed For 70 Straight Days,fake
Bureau of Labor Statistics Data,real
GOP Official Who Says America Needs ?Another 9/11? Shares _______________ With Trump,fake
Patient Protection and Affordable Care Act,real
"3,000-Pound Great White Shark Captured in Great Lakes",fake
Public financial disclosure report,real
Romney CPAC Speech: It's All About the Jobs,real
Wilmington Regional Film Commission,fake
BREAKING: Hilary Clinton Filed For Divorce In New York Courts!,fake
"'This Week' Transcript: McKay, Napolitano, Salazar and Allen",real
Amendment to to declare English as the national language of the Government of the United States,real
Striking it Richer The Evolution of Top Incomes in the United States update with 2007 estimates,real
SPECIAL REPORT: GEORGIA BECOMES FIRST STATE TO BAN MUSLIM CULTURE IN HISTORIC MOVE TO RESTORE WESTERN VALUES!,fake
"Queen Elizabeth Says: “Muslim Refugees Are Dividing Nationality, I Fully Agree With Donald Trump We Should…”(VIDEO)",fake
Mueller Will Be Forced To Resign Over Pelosi Affair,fake
Popular baby names,real
BREAKING: Florida Moves For FULL RECOUNT Of State Over Massive Voter Fraud (DETAILS),fake
"Actor Brad Pitt: 'Trump Is Not My President, We Have No Future With This...'",fake
"Donald Trump inauguration: Artists who won't perform at ceremony include Elton John, Celine Dion and John Legend",fake
Transcripts,real
"BREAKING: FBI Just Raided The White House, 6 People Thrown Out",fake
"Tennessee GOP Twitter taken down, after Tweet exposing Pelosi involved in Pedophilia",fake
Keeping His Word: Lowering the Cost of Medicare Prescriptions,real
"U.S. considers 3,000 more troops for Afghanistan",real
Puerto Rico Mayor Facing Fraud Charges Over $3M In Federal Disaster Relief,fake
Tim Kaine's Speech in Spanish at an Arizona Rally: Read Now,real
Clinton Body Count Series #5: Woman Set to Testify Against Clintons Blown Up in Home Explosion,fake
"CNN Shocks America, FIRES ‘Journalist’ Who Made Fun Of Sarah Sanders’ Face",fake
Michelle Obama Just Received LIFE-SHATTERING News From The Doctor,fake
Lady Gaga Reveals Plan To Cover Her Face Again “Until Trump Gets Fired From Office And I Feel Free Once More”,fake
"Remarks by the President on the Economy -- Knox College, Galesburg, IL",real
New Law Makes it Illegal to Shower and Do Laundry on Same Day,fake
"Joni Ernst ""Promises"" Ad",real
Charleston Shooter Dylann Roof Moved to Death Row in Terre Haute Federal Prison,fake
"A fake photo of Emma González went viral on the far right, where Parkland teens are villains",fake
FBI uncovered Russian bribery plot before Obama administration approved controversial nuclear deal with Moscow,fake
Jimmy Carter: “Medical Marijuana Cured My Cancer”,fake
BREAKING: Fox Sports Cancels ALL NFL Broadcasts ‘Until Players Respect The Flag’,fake
"Call 'Islamic terrorism' what it is: a threat to West, Jeb Bush says",real
Fox News accidentally puts up a poll graphic that shows how they are the least trusted network,fake
Man charged with murder after driving into anti-far-right protesters in Charlottesville,fake
Who Benefits from President Trump’s Child Care Proposals,real
Remarks by President Trump in a Listening Session on Healthcare,real
Writers May Have Pact. Huckabee Crosses Picket Line—Again,real
Actress Sandra Bullock to Hillary Clinton if You Don't Like Our President You Can Leave and Never Come Back Again You Are One Jealous Woman Who Ls Nothing to Compare With Trump I Hope He Will Arrest Y,fake
Rebooting: You and your doctor under Obamacare,real
BREAKING: MALIA OBAMA EXPELLED FROM HARVARD,fake
"Smoking In Cars With Children Is Illegal Starting January 30, 2018",fake
Delta Ticket 2017,fake
Preventing the Flu: Good Health Habits Can Help Stop Germs,real
"Outlook, Office, Skype, Bing, Breaking News, and Latest Videos",real
"ABC News Joins Obama In Ban Of American Flag Lapel Pins, Here’s What You Need To Know",fake
"Kasich: “If A Woman Is Not Intelligent Enough To Keep Her Legs Closed, How Can We Entrust The Abortion Decision To Her?”",fake
"For Education Secretary, Stimulus Means Dollars and Risk",real
Missing Teen-Ager Found in New Jersey,real
LAW PASSED: All Child Support in the United States Will End by Beginning of 2018,fake
Congressman Pence Discusses House Republican Energy Bill on MSNBC's Morning Joe,real
Snapchat is shutting down!,fake
"PWNED: House GOP Dominates Twitter, YouTube, Social Media in Congress",real
Inside a Fake News Sausage Factory: ‘This Is All About Income’,fake
Barack Obama says U.S. oil production last year was highest since 2003,real
Trump Declares Globalist Soros As “National Security Threat”…Using Obama’s 2014 Executive Order,fake
USA: Mysterious Nazi submarine from WWII discovered in Great Lakes!,fake
UPDATE: Florida Governor Rick Scott Now Listed As &#8216;Critical&#8217; After Bizarre Hurricane Cleanup Accident,fake
Debbie Wasserman Schultz on Twitter,real
"The Hill: Op-Ed: Go natural, go nuclear",real
BREAKING: President Trump Pardons Kim Davis,fake
Transcript: Vice Presidential Debate,real
Top Picks (Most Requested Statistics) : U.S. Bureau of Labor Statistics,real
Transcript of debate between Chris Coons and Christine ODonnell,real
John McCain for President,real
"Briefing by White House Press Secretary Robert Gibbs, 9/10/09",real
U.S. Department of Education Budget History,real
412 Michigan Muslims Arrested In Fed’s ‘LARGEST BUST IN U.S. HISTORY’,fake
112-Year-Old Voters in North Carolina?,fake
"Transcript of second McCain, Obama debate",real
"BREAKING: Trump Just Gave Every WORKING, LEGAL Man Woman And Child In The USA $612 EACH! -",fake
Rand Paul Campaigns in Iowa for Miller-Meeks,real
New York Man Wanted For Infecting 240 Men And Women With HIV!!!,fake
Peace Through Strength and American Pride vs. “Enemy-Centric” Policy,real
Obama: Mitt Romney refused to say whether he supports Lilly Ledbetter Act,real
Hillary Clinton Furious At ‘Special Gift’ Melania Trump Sent Her From Her Hospital Bed,fake
BREAKING: Trump Just Ended Welfare For One HUGE Group For 5 Years! – Let The Riots ERUPT!,fake
Michael Bennet for US Senate,real
Barack Obama says Mitt Romney condemned coal-fired power plants as killers,real
 Friendly Fire … Charlottesville Car attacker is antiTrump Antifa supporter,fake
Transcript: NPR's Full Interview With Sen. Marco Rubio,real
"This Labor Day, we need protests",real
Secret Service Agent Says Obama Is Muslim & Gay In New Tell-All Book,fake
Obama Orders Life-Sized Bronze Statute of Himself To Be Permanently Installed in White House,fake
"Ralph Nader on Barack Obama: ""It is Quite Clear He is a Corporate Candidate from A to Z""",real
Job Openings and Labor Turnover Survey News Release,real
Archbishop Desmond Tutu dies while holidaying in Texas,fake
Clint Eastwood Leaves His Estate To The Trump 2020 Campaign,fake
The early catastrophe,real
"Leonard Lance claims federal tax code contains 4 million words, is 7 times as long as Bible",real
Poor and the nearpoor 1959 to 2006,real
Lady Gaga on Twitter,fake
BREAKING: US comedian Kevin Hart in critical condition after gory car crash,fake
"Singer Tina Turner: “This Thanksgiving Is The First Time in 8 Years That I am Thankful For Our President, God Bless Him And His Supporters.” Do You Support To Tina ? – American President Donald J. Tru",fake
H.R.6060 - 109th Congress (2005-2006): Department of State Authorities Act of 2006,real
Clinton Foundation Largest Unprosecuted Charity Fraud in History-Charles Ortel,fake
Supreme Court Vacancy Video,real
National Income and Product Accounts Table 175 Relation of Gross Domestic Product,real
UPDATE: Malia Obama Among 10 Arrested In Racist Antifa Attack,fake
"Democrats go full TYRANNY: Now demand nationwide gun confiscation from law-abiding Americans… at gunpoint, of course",fake
BREAKING NEWS: Prince William and Harry donates $100 million to Hurricane Harvey Victims,fake
Q&A: Did slaves build the White House?,real
BREAKING: Federal Judge Grants Permission To Subpoena Trump,fake
Floyd Mayweather Jr. Donates a Whopping Sum of Money to Houston After Hurricane – What You Missed,fake
Account Suspended,fake
Laura Ingraham wrongly says claim that 90% support for gun background checks has been debunked,real
Pence: “Michelle Obama Is The Most Vulgar First Lady We’ve Ever Had”,fake
Malia Obama Fired From Cushy Internship At Spanish Embassy,fake
Clinton's Lead Over Trump Shrinks to 3 Points: New NBC News/WSJ Poll,real
"Current-Law Distribution of Federal Taxes By Cash Income Percentiles, 2007",real
The Economic Burden Caused by Tax Code Complexity,real
Video Interview with Howard Dean,real
Part 1 of CNN Democratic presidential debate,real
Did Bernie Sanders vote against background checks and waiting periods for gun purchases?,real
Hillary Clinton Transcript: Building the ‘Growth and Fairness Economy’,real
Breaking: Greitens Accuser Admits Photo Session May Have Been A “Dream”,fake
McDonnell Letter Urges No Delay in Virginia Offshore Energy Exploration and Development,real
"Bin Laden is “Alive and well in the Bahamas”, says Edward Snowden",fake
Fox News' Shepard Smith: 'Why is it lie after lie after lie?' on Russia meeting,fake
Rep. Paul Gosar Asks Capitol Police to Arrest Illegal Immigrants Attending State of the Union,fake
The Arena - Politico's daily debate with policymakers and opinion shapers,real
A Trump fan was just charged with trying to murder Maxine Waters on same day Trump threatened her,fake
Card Penalty Fees Soften Slightly In 2010,real
BREAKING: FBI Issues Warrant For Obama’s Arrest After Confirming Illegal Trump Tower Wiretap,fake
Remarks on counterterrorism at Stanford University,real
BREAKING: 2 Million Rounds Of Ammo That ‘Went Missing’ Under Obama Turns Up In Enemy Hands,fake
"David Plouffe, Sen. Joe Lieberman and Gen. Michael Hayden talk national security leaks",real
"NRA President David Keene Rejects White House Gun Control Approach | PBS NewsHour | Jan. 15, 2013",real
Obamacare vs. the Catholic bishops,real
"Florida Bridge Collapse, Female Company",fake
"CNN's Don Lemon: Bill O'Reilly's Criticism Of Black Community ""Doesn't Go Far Enough""",real
"Liberal Women Hate Me Because Of My “Striking Beauty And Intellect”, Says Kellyanne Conway",fake
Obama administration opens the door for states to seek major changes in welfaretowork law,real
VIDEO: Special Preview Of Jersey Shore In Miami!,real
McCain’s Death Bed Secret Just Came Out About Who He Killed After Skeleton Suddenly Resurfaces,fake
"Palin: Pioneer, maverick -- and now game-changer",real
Democratic Leaders Say House Democrats Are United Against GOP Default Act,real
"Democratic debate: Bernie Sanders really isn't as ""socialist"" as President Eisenhower",real
"GOP Task Force, Lone Democrat Eye Trafficking Law",real
“Dictionary” on President Obama’s Health Care Taxes,real
United Airlines Flight Attendant Slaps Crying Baby During Flight,fake
eCFR — Code of Federal Regulations,fake
Warren Buffett says the super-rich pay lower tax rates than others,real
Harry Reid,real
"No Regrets for a Love Of Explosives; In a Memoir of Sorts, a War Protester Talks of Life With the Weathermen",real
CPAC 2013 - Former Governor Sarah Palin (R-AK),real
Hillary Clinton Sits Down With Bill OReilly,real
Malia Obama Arrested With A Gang Of Thugs In Chicago,fake
BREAKING: PUTIN INTERFERENCE COULD GIVE COURTS LEGAL RIGHT TO MAKE HILLARY PRESIDENT,fake
John McCain for President,real
About Bright Horizons Child Care & Family Solutions,real
and Surpluses or Deficits as Percentages of GDP 1930–2015,real
by Mark Halperin,real
Snoop Dogg Arrested For Conspiracy After Talking About His ‘Murder Trump’ Video,fake
"McCAIN, John Sidney, III",real
US Trade in Goods,real
"Legendary Actor Kirk Douglas Dead, 4 Days Before His 101st Birthday",fake
"Bill Gates: “I think Donald Trump will go down to history as one of the greatest presidents, just like Reagan.”",fake
ICE Detainer Issued for Suspected Wine Country Arsonist in Sonoma Jail,fake
Eric Schneiderman Helped NXIVM Sell Child Sex Slaves To The Clintons,fake
Rep. Ross: We need to get government running again,real
President Barack Obama in Portsmouth Town Hall,real
Who is affected by the government shutdown?,fake
Police Find 19 White Female Bodies In Freezers With “Black Lives Matter” Carved Into Skin,fake
Trump Votes For Death Penalty For Being Gay,fake
Georgia crisis triggers war of words on White House trail,real
School Choice FAQ,real
About Mayor Bhalla,fake
U.S. Imports & Exports,real
BREAKING: Trump Caught INVESTING in Dakota Pipeline Before Signing It,fake
Family's private investigator: There is evidence Seth Rich had contact with WikiLeaks prior to death,fake
"'This Week' Transcript: Goolsbee, Brown & Corker",real
McCain in Colorado,real
U.S. Senate: U.S. Senate Roll Call Votes 108th Congress,real
Sasse Statement on Trade War,real
Have You Been to Iraq — 76 Sens Say They Have by Patrick Fitzgerald,real
BREAKING: KEN STARR’S PLANE JUST DISAPPEARED ON HIS WAY TO DC TO TESTIFY AGAINST HILLARY,fake
Has the potency of pot changed since President Obama was in high school?,real
Information for the Nation,fake
BOMBSHELL: Internet Sleuths Just Found the SMOKING GUN on Dems Planning Violence in Charlottesville,fake
Trump’s DHS Secretary Confirms They Are Preparing To Arrest Sanctuary City Leaders,fake
Transcript: Interview with Donald Trump,real
Kushner And Wife Ivanka Trump Were Tossed Out Of The White House — And Donald Is Cutting Them Out Of His Will!,fake
"Ad says Obama apologized, showed weakness on Iran",real
AFP: McCain renews attacks on Obama links to radical,real
"""Give Me a Break"" Americans Against Food Taxes TV Ad 2011",real
roll call on Stupak amendment,real
"McCain, Obama go head to head in last debate",real
 What Adam Sandler is saying about Mormons,fake
George H.W. Bush has died at 94 – New York,fake
alert to members on abortion coverage in the House health care bill,real
子供たちのコト。私のコト。,real
Pledge of Allegiance E-mail,real
"Romney For President Launches New Television Ad, ""Remember""",real
a director of research for the foreign policy program at the Brookings Institution,real
"I’ll Make Sure you are Jailed- Donald Trump Tells Ghana’s Prez Mahama ⋆ Ghana Home, Ghana News, Politics, Info, News on Ghana, Ghana",fake
Rick Perry says he switched to GOP at a younger age than Reagan did,real
Breaking down barriers for African Americans – Hillary for America – Medium,real
"BREAKING: British Intelligence Seizes Clinton Foundation Warehouse, $400 Million In Cash – NRTOnline",fake
"Latest World News, Videos & Photos -ABC News - ABC News",real
Topic A: How Can President Obama Regain His Political Footing?,real
Keanu on Trump travel ban: 'just terrible',fake
"OBAMA CANCELED IT, TRUMP REINSTATED IT – A VERY SACRED DAY IS BACK",fake
2008 Presidential Election,real
“Gay People Should Wear Specially-Colored Clothes To Warn Straight People”,fake
Barrels removed from Clinton property contain parts from 3 missing women.,fake
Rick Santorum sworn in as Pennsylvania’s newest senator,real
Senate Democrats news conference on the Senate Climate Action Task Force,real
Man pardoned by Obama ‘executed’ by masked men at halfway house,fake
White and Blue Fund ad,real
Transcript of Wednesday's presidential debate,real
Pelosi urges minimum-wage hike,real
Hillary Clinton says guns exceed next nine categories as leading cause of death for young black men,real
SECRET VIDEO: Romney Tells Millionaire Donors What He REALLY Thinks of Obama Voters,real
Breaking: Crew Of Air Force One Refuses To Fly Obama 6000 Miles ‘Just To Play Golf’ – BuzzfeedUSA,fake
letter to Chaffetz and Cummings,real
RACE FOR CITY HALL: The Republican Candidate; A Mercurial Mayor's Confident Journey,real
Children - Obama for America TV Ad,real
"CIA Release Documents Of Moon, Moon Has More Than 250 Million Citizens",fake
Declining Business Dynamism in the United States A Look at States and Metros,real
Debbie Wasserman Schultz Aide Arrested Trying to Flee the Country,fake
U.S. Army's Involvement in Motorsports,real
Analysis of the 2008 Presidential Candidates’ Tax Plans,real
Energy and Commerce Committee,real
The State of Working America 20067 pdf,real
"Hurricane Irma: If There Was Such A Thing As A Category 6 Hurricane, This Would Be It",fake
当ブログでは福岡県内にある不動産会社についてさまざまな情報をまとめています。福岡市の分譲マンションやマンション経営で頼りになる企業をご紹介！,real
Obama campaign radio ad,real
School kids taught to praise Obama,real
Trump Gives Chaffetz The Thumbs Up For Investigating Hillary Clinton’s Email Server,fake
Senate Democrats Demand Supreme Court Nominee Not Be Unduly Influenced By U.S. Constitution,fake
Remarks by the President on the Resurgence of the American Auto Industry,real
 BREAKING Muslims’ Disturbing Plan Comes Out After Grocery Stores Go Bare To Prepare For Irma,fake
Browse Congressional Bills,real
Alabama State Police Arrest 3 Poll Workers In Birmingham,fake
BREAKING: Illegal Muslim From Iran Arrested For Starting California Wildfire,fake
Historical aggregate income by fifths and top 5 percent,real
All Nobel Peace Prizes,real
Press release Rep Barton Democrats stimulus will waste money abuse people and lead to unintended consequences,real
An Open Letter to 'All Barack Channel',real
Romneys ProLife Conversion Myth or Reality June 14,real
2011 Text of President Barack Obama’s proposed jobs bill Email interview with Lynne Bernabei,real
IT BEGINS: California Appoints FIRST Illegal Alien to State Office – Trump Has Better Plan,fake
"MITT ROMNEY: ‘TRUMP HAS SOME VERY SERIOUS EMOTIONAL PROBLEMS, HE MUST RESIGN BEFORE WE…’",fake
BREAKING: Autopsy Results From Vince Foster’s Exhumed Body–Cause Of Death To Be Changed,fake
Donald Trump exaggerates when he says China has 'total control' over North Korea,real
"BOOM: Roy Moore Takes The Military Vote, Pulls Ahead By 5K Votes",fake
"Outlook, Office, Skype, Bing, Breaking News, and Latest Videos",real
"Data on Campaign Finance, Super PACs, Industries, and Lobbying",real
THIS ARTICLE RETRACTED: Red Crescent Says No Evidence of Chemical Attack in Syria’s Douma,fake
Obama Criticizes McCain on Lobbyists,real
American International Group Inc Form 10K,real
10 Things You Didn't Know About Nancy Pelosi,fake
Lindsey Graham Threatens To Convert To Democrat If Republicans Don’t Dump Trump – True Trumpers,fake
The Daily Show with Trevor Noah,real
UPDATE: Hillary Clinton Leaves The Country As Mueller Indictment Is Announced,fake
"Obama for America TV Ad: ""Firms""",real
"Saudi Arabia Energy Data, Statistics and Analysis",real
NPC Luncheon with Eric Holder,real
A Senate in the Gun Lobby’s Grip,real
Transcripts,real
"Actress Jennifer Aniston: “Me and All The Trump Supporter Celebrities Decide To Make A Company Named “Celebrities For Trump”, Which Fight Against All Anti Trump Celebrities, I Think President Trump Ne",fake
"""On and On""",real
"Oct. 11: Levin, Graham, McCaffrey, Myers, roundtable",real
Debt Day: A Symbol of Washington’s Arrogant Culture of Borrowing and Spending (Boehner Op-Ed on Townhall.com),real
"Harry Reid Says GOP Should ""Stop Crying"" About Reconciliation",real
"Peter Strzok, FBI Agent in Texting Scandal, Will Testify Before Congress",fake
BREAKING: Roy Moore’s Accuser Arrested And Charged With Falsification,fake
60 Minutes Transcript,real
Democratic National Convention Committee,real
U.S. Senate: Supreme Court Nominations: present-1789,real
Covering Young Adults Under the Affordable Care Act: The Importance of Outreach and Medicaid Expansion,real
Cain said food stamp program use up under Obama,real
Federal Election Commission filing,real
BREAKING: Trump Removes Muslim Federal Judge For Trying To Implement Sharia Law In America,fake
Miss Universe Guayana 2016 arrestada con 2kilos en London Airport😱,fake
CQ Transcriptswire > Login,real
Transcript: Bob Barr on 'FOX News Sunday',real
Saudi Arabia to Behead 6 School Girls for Being With Their Male Friends Without Parents or a Guardian,fake
NASA Has Just Confirmed Earth Has A New Moon,fake
More Czars Than the Romanovs,real
Public Campaign Action Fund,real
Candidate Comparison,real
Obama Demands Investigation into Subprime Loan Discrimination,real
interview on Fox News,real
